--
-- PostgreSQL database dump
--

-- Dumped from database version 16.2
-- Dumped by pg_dump version 16.2

SET statement_timeout = 0;
SET lock_timeout = 0;
SET idle_in_transaction_session_timeout = 0;
SET client_encoding = 'UTF8';
SET standard_conforming_strings = on;
SELECT pg_catalog.set_config('search_path', '', false);
SET check_function_bodies = false;
SET xmloption = content;
SET client_min_messages = warning;
SET row_security = off;

SET default_tablespace = '';

SET default_table_access_method = heap;

--
-- Name: apps_product; Type: TABLE; Schema: public; Owner: postgres
--

CREATE TABLE public.apps_product (
    id bigint NOT NULL,
    image character varying(100) NOT NULL
);


ALTER TABLE public.apps_product OWNER TO postgres;

--
-- Name: apps_product_id_seq; Type: SEQUENCE; Schema: public; Owner: postgres
--

ALTER TABLE public.apps_product ALTER COLUMN id ADD GENERATED BY DEFAULT AS IDENTITY (
    SEQUENCE NAME public.apps_product_id_seq
    START WITH 1
    INCREMENT BY 1
    NO MINVALUE
    NO MAXVALUE
    CACHE 1
);


--
-- Name: auth_group; Type: TABLE; Schema: public; Owner: postgres
--

CREATE TABLE public.auth_group (
    id integer NOT NULL,
    name character varying(150) NOT NULL
);


ALTER TABLE public.auth_group OWNER TO postgres;

--
-- Name: auth_group_id_seq; Type: SEQUENCE; Schema: public; Owner: postgres
--

ALTER TABLE public.auth_group ALTER COLUMN id ADD GENERATED BY DEFAULT AS IDENTITY (
    SEQUENCE NAME public.auth_group_id_seq
    START WITH 1
    INCREMENT BY 1
    NO MINVALUE
    NO MAXVALUE
    CACHE 1
);


--
-- Name: auth_group_permissions; Type: TABLE; Schema: public; Owner: postgres
--

CREATE TABLE public.auth_group_permissions (
    id bigint NOT NULL,
    group_id integer NOT NULL,
    permission_id integer NOT NULL
);


ALTER TABLE public.auth_group_permissions OWNER TO postgres;

--
-- Name: auth_group_permissions_id_seq; Type: SEQUENCE; Schema: public; Owner: postgres
--

ALTER TABLE public.auth_group_permissions ALTER COLUMN id ADD GENERATED BY DEFAULT AS IDENTITY (
    SEQUENCE NAME public.auth_group_permissions_id_seq
    START WITH 1
    INCREMENT BY 1
    NO MINVALUE
    NO MAXVALUE
    CACHE 1
);


--
-- Name: auth_permission; Type: TABLE; Schema: public; Owner: postgres
--

CREATE TABLE public.auth_permission (
    id integer NOT NULL,
    name character varying(255) NOT NULL,
    content_type_id integer NOT NULL,
    codename character varying(100) NOT NULL
);


ALTER TABLE public.auth_permission OWNER TO postgres;

--
-- Name: auth_permission_id_seq; Type: SEQUENCE; Schema: public; Owner: postgres
--

ALTER TABLE public.auth_permission ALTER COLUMN id ADD GENERATED BY DEFAULT AS IDENTITY (
    SEQUENCE NAME public.auth_permission_id_seq
    START WITH 1
    INCREMENT BY 1
    NO MINVALUE
    NO MAXVALUE
    CACHE 1
);


--
-- Name: auth_user; Type: TABLE; Schema: public; Owner: postgres
--

CREATE TABLE public.auth_user (
    id integer NOT NULL,
    password character varying(128) NOT NULL,
    last_login timestamp with time zone,
    is_superuser boolean NOT NULL,
    username character varying(150) NOT NULL,
    first_name character varying(150) NOT NULL,
    last_name character varying(150) NOT NULL,
    email character varying(254) NOT NULL,
    is_staff boolean NOT NULL,
    is_active boolean NOT NULL,
    date_joined timestamp with time zone NOT NULL
);


ALTER TABLE public.auth_user OWNER TO postgres;

--
-- Name: auth_user_groups; Type: TABLE; Schema: public; Owner: postgres
--

CREATE TABLE public.auth_user_groups (
    id bigint NOT NULL,
    user_id integer NOT NULL,
    group_id integer NOT NULL
);


ALTER TABLE public.auth_user_groups OWNER TO postgres;

--
-- Name: auth_user_groups_id_seq; Type: SEQUENCE; Schema: public; Owner: postgres
--

ALTER TABLE public.auth_user_groups ALTER COLUMN id ADD GENERATED BY DEFAULT AS IDENTITY (
    SEQUENCE NAME public.auth_user_groups_id_seq
    START WITH 1
    INCREMENT BY 1
    NO MINVALUE
    NO MAXVALUE
    CACHE 1
);


--
-- Name: auth_user_id_seq; Type: SEQUENCE; Schema: public; Owner: postgres
--

ALTER TABLE public.auth_user ALTER COLUMN id ADD GENERATED BY DEFAULT AS IDENTITY (
    SEQUENCE NAME public.auth_user_id_seq
    START WITH 1
    INCREMENT BY 1
    NO MINVALUE
    NO MAXVALUE
    CACHE 1
);


--
-- Name: auth_user_user_permissions; Type: TABLE; Schema: public; Owner: postgres
--

CREATE TABLE public.auth_user_user_permissions (
    id bigint NOT NULL,
    user_id integer NOT NULL,
    permission_id integer NOT NULL
);


ALTER TABLE public.auth_user_user_permissions OWNER TO postgres;

--
-- Name: auth_user_user_permissions_id_seq; Type: SEQUENCE; Schema: public; Owner: postgres
--

ALTER TABLE public.auth_user_user_permissions ALTER COLUMN id ADD GENERATED BY DEFAULT AS IDENTITY (
    SEQUENCE NAME public.auth_user_user_permissions_id_seq
    START WITH 1
    INCREMENT BY 1
    NO MINVALUE
    NO MAXVALUE
    CACHE 1
);


--
-- Name: django_admin_log; Type: TABLE; Schema: public; Owner: postgres
--

CREATE TABLE public.django_admin_log (
    id integer NOT NULL,
    action_time timestamp with time zone NOT NULL,
    object_id text,
    object_repr character varying(200) NOT NULL,
    action_flag smallint NOT NULL,
    change_message text NOT NULL,
    content_type_id integer,
    user_id integer NOT NULL,
    CONSTRAINT django_admin_log_action_flag_check CHECK ((action_flag >= 0))
);


ALTER TABLE public.django_admin_log OWNER TO postgres;

--
-- Name: django_admin_log_id_seq; Type: SEQUENCE; Schema: public; Owner: postgres
--

ALTER TABLE public.django_admin_log ALTER COLUMN id ADD GENERATED BY DEFAULT AS IDENTITY (
    SEQUENCE NAME public.django_admin_log_id_seq
    START WITH 1
    INCREMENT BY 1
    NO MINVALUE
    NO MAXVALUE
    CACHE 1
);


--
-- Name: django_content_type; Type: TABLE; Schema: public; Owner: postgres
--

CREATE TABLE public.django_content_type (
    id integer NOT NULL,
    app_label character varying(100) NOT NULL,
    model character varying(100) NOT NULL
);


ALTER TABLE public.django_content_type OWNER TO postgres;

--
-- Name: django_content_type_id_seq; Type: SEQUENCE; Schema: public; Owner: postgres
--

ALTER TABLE public.django_content_type ALTER COLUMN id ADD GENERATED BY DEFAULT AS IDENTITY (
    SEQUENCE NAME public.django_content_type_id_seq
    START WITH 1
    INCREMENT BY 1
    NO MINVALUE
    NO MAXVALUE
    CACHE 1
);


--
-- Name: django_migrations; Type: TABLE; Schema: public; Owner: postgres
--

CREATE TABLE public.django_migrations (
    id bigint NOT NULL,
    app character varying(255) NOT NULL,
    name character varying(255) NOT NULL,
    applied timestamp with time zone NOT NULL
);


ALTER TABLE public.django_migrations OWNER TO postgres;

--
-- Name: django_migrations_id_seq; Type: SEQUENCE; Schema: public; Owner: postgres
--

ALTER TABLE public.django_migrations ALTER COLUMN id ADD GENERATED BY DEFAULT AS IDENTITY (
    SEQUENCE NAME public.django_migrations_id_seq
    START WITH 1
    INCREMENT BY 1
    NO MINVALUE
    NO MAXVALUE
    CACHE 1
);


--
-- Name: django_session; Type: TABLE; Schema: public; Owner: postgres
--

CREATE TABLE public.django_session (
    session_key character varying(40) NOT NULL,
    session_data text NOT NULL,
    expire_date timestamp with time zone NOT NULL
);


ALTER TABLE public.django_session OWNER TO postgres;

--
-- Data for Name: apps_product; Type: TABLE DATA; Schema: public; Owner: postgres
--

COPY public.apps_product (id, image) FROM stdin;
59	media/IMG_5640_OJQOKQR.jpeg
60	media/IMG_5642.jpeg
61	media/IMG_5643.jpeg
62	media/IMG_5644.jpeg
63	media/IMG_5645.jpeg
64	media/IMG_5646.jpeg
65	media/IMG_5647.jpeg
66	media/IMG_5648.jpeg
67	media/IMG_5649.jpeg
68	media/IMG_5650.jpeg
69	media/IMG_5652.jpeg
70	media/IMG_5653.jpeg
71	media/IMG_5654.jpeg
72	media/IMG_5655.jpeg
74	media/IMG_5656.jpeg
75	media/IMG_5657.jpeg
76	media/IMG_5659.jpeg
77	media/IMG_5661.jpeg
78	media/IMG_5662.jpeg
79	media/IMG_5663.jpeg
80	media/IMG_5664.jpeg
81	media/IMG_5665.jpeg
82	media/IMG_5666.jpeg
83	media/IMG_5667.jpeg
84	media/IMG_5668.jpeg
85	media/IMG_5702.jpeg
\.


--
-- Data for Name: auth_group; Type: TABLE DATA; Schema: public; Owner: postgres
--

COPY public.auth_group (id, name) FROM stdin;
\.


--
-- Data for Name: auth_group_permissions; Type: TABLE DATA; Schema: public; Owner: postgres
--

COPY public.auth_group_permissions (id, group_id, permission_id) FROM stdin;
\.


--
-- Data for Name: auth_permission; Type: TABLE DATA; Schema: public; Owner: postgres
--

COPY public.auth_permission (id, name, content_type_id, codename) FROM stdin;
1	Can add log entry	1	add_logentry
2	Can change log entry	1	change_logentry
3	Can delete log entry	1	delete_logentry
4	Can view log entry	1	view_logentry
5	Can add permission	2	add_permission
6	Can change permission	2	change_permission
7	Can delete permission	2	delete_permission
8	Can view permission	2	view_permission
9	Can add group	3	add_group
10	Can change group	3	change_group
11	Can delete group	3	delete_group
12	Can view group	3	view_group
13	Can add user	4	add_user
14	Can change user	4	change_user
15	Can delete user	4	delete_user
16	Can view user	4	view_user
17	Can add content type	5	add_contenttype
18	Can change content type	5	change_contenttype
19	Can delete content type	5	delete_contenttype
20	Can view content type	5	view_contenttype
21	Can add session	6	add_session
22	Can change session	6	change_session
23	Can delete session	6	delete_session
24	Can view session	6	view_session
25	Can add product	7	add_product
26	Can change product	7	change_product
27	Can delete product	7	delete_product
28	Can view product	7	view_product
\.


--
-- Data for Name: auth_user; Type: TABLE DATA; Schema: public; Owner: postgres
--

COPY public.auth_user (id, password, last_login, is_superuser, username, first_name, last_name, email, is_staff, is_active, date_joined) FROM stdin;
1	pbkdf2_sha256$870000$KkDZWC3j0PbPw3gyegcb9S$hTBPZRK3XPvTTZ+a3xOcDU32kvoJcOsTo43cHPZMw1s=	2024-10-17 06:40:28.07221+00	t	admin				t	t	2024-10-16 17:00:38.063052+00
2	pbkdf2_sha256$870000$ODyqFt2O9VULv7OEJSJ1RF$Y+wPIoOTidJmKhrZCSlfH8mMQsu9Ckk4GtI7zp2jzrQ=	2024-11-20 07:17:32.971355+00	t	sarvar				t	t	2024-11-17 09:08:33.162065+00
\.


--
-- Data for Name: auth_user_groups; Type: TABLE DATA; Schema: public; Owner: postgres
--

COPY public.auth_user_groups (id, user_id, group_id) FROM stdin;
\.


--
-- Data for Name: auth_user_user_permissions; Type: TABLE DATA; Schema: public; Owner: postgres
--

COPY public.auth_user_user_permissions (id, user_id, permission_id) FROM stdin;
\.


--
-- Data for Name: django_admin_log; Type: TABLE DATA; Schema: public; Owner: postgres
--

COPY public.django_admin_log (id, action_time, object_id, object_repr, action_flag, change_message, content_type_id, user_id) FROM stdin;
1	2024-10-16 17:24:50.37245+00	1	media/009.jpg	1	[{"added": {}}]	7	1
2	2024-10-16 17:24:59.410035+00	2	media/025.jpg	1	[{"added": {}}]	7	1
3	2024-10-16 17:25:04.66823+00	3	media/010.jpg	1	[{"added": {}}]	7	1
4	2024-10-16 17:25:22.088424+00	4	media/011.jpg	1	[{"added": {}}]	7	1
5	2024-10-16 17:25:37.229004+00	5	media/012.jpg	1	[{"added": {}}]	7	1
6	2024-10-16 17:25:52.06145+00	6	media/013.jpg	1	[{"added": {}}]	7	1
7	2024-10-17 06:40:40.042926+00	6	media/013.jpg	3		7	1
8	2024-10-17 06:41:05.050368+00	5	media/012.jpg	3		7	1
9	2024-10-17 06:41:05.050454+00	4	media/011.jpg	3		7	1
10	2024-10-17 06:41:05.050498+00	3	media/010.jpg	3		7	1
11	2024-10-17 06:41:05.050539+00	2	media/025.jpg	3		7	1
12	2024-10-17 06:41:05.050713+00	1	media/009.jpg	3		7	1
13	2024-10-17 06:48:14.034861+00	7	media/1000011982.jpg	1	[{"added": {}}]	7	1
14	2024-10-17 06:48:28.946306+00	8	media/1000011983.jpg	1	[{"added": {}}]	7	1
15	2024-10-17 06:48:43.134014+00	9	media/1000011984.jpg	1	[{"added": {}}]	7	1
16	2024-10-17 06:48:58.61734+00	10	media/1000011988.jpg	1	[{"added": {}}]	7	1
17	2024-10-17 06:49:09.645558+00	11	media/1000011985.jpg	1	[{"added": {}}]	7	1
18	2024-10-17 06:49:18.838371+00	12	media/1000011986.jpg	1	[{"added": {}}]	7	1
19	2024-10-17 06:49:39.904274+00	13	media/1000011994.jpg	1	[{"added": {}}]	7	1
20	2024-10-17 06:49:57.188192+00	14	media/1000011989.jpg	1	[{"added": {}}]	7	1
21	2024-10-17 06:50:09.116467+00	15	media/1000011987.jpg	1	[{"added": {}}]	7	1
22	2024-10-17 06:50:28.733433+00	16	media/1000011990.jpg	1	[{"added": {}}]	7	1
23	2024-10-17 06:50:39.427687+00	17	media/1000011991.jpg	1	[{"added": {}}]	7	1
24	2024-10-17 06:50:50.676209+00	18	media/1000011992.jpg	1	[{"added": {}}]	7	1
25	2024-10-17 06:51:02.68446+00	19	media/1000011993.jpg	1	[{"added": {}}]	7	1
26	2024-10-17 06:51:29.754822+00	20	media/1000011981.jpg	1	[{"added": {}}]	7	1
27	2024-10-17 06:51:43.959943+00	21	media/1000011978.jpg	1	[{"added": {}}]	7	1
28	2024-10-17 06:51:55.161976+00	22	media/1000011979.jpg	1	[{"added": {}}]	7	1
29	2024-10-17 06:52:20.105114+00	23	media/1000011977.jpg	1	[{"added": {}}]	7	1
30	2024-10-17 06:52:34.933965+00	24	media/1000011971.jpg	1	[{"added": {}}]	7	1
31	2024-10-17 06:52:46.790591+00	25	media/1000011972.jpg	1	[{"added": {}}]	7	1
32	2024-10-17 06:52:56.304183+00	26	media/1000011973.jpg	1	[{"added": {}}]	7	1
33	2024-10-17 06:53:13.151512+00	27	media/1000011974.jpg	1	[{"added": {}}]	7	1
34	2024-10-17 06:53:30.352949+00	28	media/1000011975.jpg	1	[{"added": {}}]	7	1
35	2024-10-17 06:53:45.146465+00	29	media/1000011976.jpg	1	[{"added": {}}]	7	1
36	2024-10-17 06:54:04.760613+00	30	media/1000011980.jpg	1	[{"added": {}}]	7	1
37	2024-10-17 06:54:28.763121+00	31	media/1000011995.jpg	1	[{"added": {}}]	7	1
38	2024-10-17 08:32:29.59586+00	31	media/1000011995.jpg	3		7	1
39	2024-10-17 08:32:29.595992+00	30	media/1000011980.jpg	3		7	1
40	2024-10-17 08:32:29.59604+00	29	media/1000011976.jpg	3		7	1
41	2024-10-17 08:32:29.59608+00	28	media/1000011975.jpg	3		7	1
42	2024-10-17 08:32:29.596119+00	27	media/1000011974.jpg	3		7	1
43	2024-10-17 08:32:29.596159+00	26	media/1000011973.jpg	3		7	1
44	2024-10-17 08:32:29.596232+00	25	media/1000011972.jpg	3		7	1
45	2024-10-17 08:32:29.596278+00	24	media/1000011971.jpg	3		7	1
46	2024-10-17 08:32:29.596335+00	23	media/1000011977.jpg	3		7	1
47	2024-10-17 08:32:29.596392+00	22	media/1000011979.jpg	3		7	1
48	2024-10-17 08:32:29.596435+00	21	media/1000011978.jpg	3		7	1
49	2024-10-17 08:32:29.596474+00	20	media/1000011981.jpg	3		7	1
50	2024-10-17 08:32:29.596512+00	19	media/1000011993.jpg	3		7	1
51	2024-10-17 08:32:29.596549+00	18	media/1000011992.jpg	3		7	1
52	2024-10-17 08:32:29.596586+00	17	media/1000011991.jpg	3		7	1
53	2024-10-17 08:32:29.596623+00	16	media/1000011990.jpg	3		7	1
54	2024-10-17 08:32:29.596662+00	15	media/1000011987.jpg	3		7	1
55	2024-10-17 08:32:29.5967+00	14	media/1000011989.jpg	3		7	1
56	2024-10-17 08:32:29.596757+00	13	media/1000011994.jpg	3		7	1
57	2024-10-17 08:32:29.596797+00	12	media/1000011986.jpg	3		7	1
58	2024-10-17 08:32:29.596835+00	11	media/1000011985.jpg	3		7	1
59	2024-10-17 08:32:29.596872+00	10	media/1000011988.jpg	3		7	1
60	2024-10-17 08:32:29.596921+00	9	media/1000011984.jpg	3		7	1
61	2024-10-17 08:32:29.597002+00	8	media/1000011983.jpg	3		7	1
62	2024-10-17 08:32:29.597075+00	7	media/1000011982.jpg	3		7	1
63	2024-10-17 08:36:34.720458+00	32	media/001.jpg	1	[{"added": {}}]	7	1
64	2024-10-17 08:37:48.789601+00	33	media/002.jpg	1	[{"added": {}}]	7	1
65	2024-10-17 08:38:07.286533+00	34	media/003.jpg	1	[{"added": {}}]	7	1
66	2024-10-17 08:39:25.150368+00	35	media/004.jpg	1	[{"added": {}}]	7	1
67	2024-10-17 08:39:44.601511+00	36	media/005.jpg	1	[{"added": {}}]	7	1
68	2024-10-17 08:40:00.389217+00	37	media/006.jpg	1	[{"added": {}}]	7	1
69	2024-10-17 08:40:16.101218+00	38	media/007.jpg	1	[{"added": {}}]	7	1
70	2024-10-17 08:40:27.573129+00	39	media/008.jpg	1	[{"added": {}}]	7	1
71	2024-10-17 08:44:35.267976+00	40	media/009_EZxR1ad.jpg	1	[{"added": {}}]	7	1
72	2024-10-17 08:44:56.606852+00	41	media/010_jbQr3eN.jpg	1	[{"added": {}}]	7	1
73	2024-10-17 08:45:09.104024+00	42	media/011_AOFcmGz.jpg	1	[{"added": {}}]	7	1
74	2024-10-17 08:45:20.751127+00	43	media/012_bGiQEE1.jpg	1	[{"added": {}}]	7	1
75	2024-10-17 08:45:29.7995+00	44	media/013_MAhTybn.jpg	1	[{"added": {}}]	7	1
76	2024-10-17 08:46:05.851847+00	45	media/014.jpg	1	[{"added": {}}]	7	1
77	2024-10-17 08:46:18.14924+00	46	media/015.jpg	1	[{"added": {}}]	7	1
78	2024-10-17 08:46:30.938257+00	47	media/016.jpg	1	[{"added": {}}]	7	1
79	2024-10-17 08:46:41.844982+00	48	media/017.jpg	1	[{"added": {}}]	7	1
80	2024-10-17 08:46:55.774695+00	49	media/018.jpg	1	[{"added": {}}]	7	1
81	2024-10-17 08:47:07.3233+00	50	media/019.jpg	1	[{"added": {}}]	7	1
82	2024-10-17 08:47:21.800423+00	51	media/020.jpg	1	[{"added": {}}]	7	1
83	2024-10-17 08:47:34.369756+00	52	media/021.jpg	1	[{"added": {}}]	7	1
84	2024-10-17 08:47:51.493174+00	53	media/022.jpg	1	[{"added": {}}]	7	1
85	2024-10-17 08:48:05.233862+00	54	media/023.jpg	1	[{"added": {}}]	7	1
86	2024-10-17 08:48:18.653123+00	55	media/024.jpg	1	[{"added": {}}]	7	1
87	2024-10-17 08:48:31.917679+00	56	media/025_NhC42fP.jpg	1	[{"added": {}}]	7	1
88	2024-11-20 07:19:32.521427+00	57	media/IMG_5624.jpeg	1	[{"added": {}}]	7	2
89	2024-11-21 07:25:29.731913+00	57	media/IMG_5624.jpeg	3		7	2
90	2024-11-21 07:25:43.730989+00	56	media/025_NhC42fP.jpg	3		7	2
91	2024-11-21 07:26:14.480479+00	55	media/024.jpg	3		7	2
92	2024-11-21 07:26:18.123431+00	54	media/023.jpg	3		7	2
93	2024-11-21 07:26:21.262719+00	53	media/022.jpg	3		7	2
94	2024-11-21 07:26:25.821214+00	52	media/021.jpg	3		7	2
95	2024-11-21 07:26:29.212891+00	51	media/020.jpg	3		7	2
96	2024-11-21 07:26:32.40439+00	50	media/019.jpg	3		7	2
97	2024-11-21 07:26:35.563245+00	49	media/018.jpg	3		7	2
98	2024-11-21 07:26:38.865329+00	48	media/017.jpg	3		7	2
99	2024-11-21 07:26:49.441895+00	47	media/016.jpg	3		7	2
100	2024-11-21 07:27:04.426267+00	46	media/015.jpg	3		7	2
101	2024-11-21 07:27:23.778569+00	45	media/014.jpg	3		7	2
102	2024-11-21 07:27:26.561027+00	44	media/013_MAhTybn.jpg	3		7	2
103	2024-11-21 07:27:29.461716+00	43	media/012_bGiQEE1.jpg	3		7	2
104	2024-11-21 07:27:32.359302+00	42	media/011_AOFcmGz.jpg	3		7	2
105	2024-11-21 07:27:36.042824+00	41	media/010_jbQr3eN.jpg	3		7	2
106	2024-11-21 07:27:39.012915+00	40	media/009_EZxR1ad.jpg	3		7	2
107	2024-11-21 07:27:41.995089+00	39	media/008.jpg	3		7	2
108	2024-11-21 07:27:46.055204+00	38	media/007.jpg	3		7	2
109	2024-11-21 07:27:49.246418+00	37	media/006.jpg	3		7	2
110	2024-11-21 07:27:52.096105+00	36	media/005.jpg	3		7	2
111	2024-11-21 07:27:54.688639+00	35	media/004.jpg	3		7	2
112	2024-11-21 07:27:57.329826+00	34	media/003.jpg	3		7	2
113	2024-11-21 07:27:59.806352+00	33	media/002.jpg	3		7	2
114	2024-11-21 07:28:02.451741+00	32	media/001.jpg	3		7	2
115	2024-11-21 07:28:27.228659+00	58	media/IMG_5640.jpeg	1	[{"added": {}}]	7	2
116	2024-11-21 07:28:32.758852+00	59	media/IMG_5640_OJQOKQR.jpeg	1	[{"added": {}}]	7	2
117	2024-11-21 07:29:54.85208+00	58	media/IMG_5640.jpeg	3		7	2
118	2024-11-21 07:30:20.650096+00	60	media/IMG_5642.jpeg	1	[{"added": {}}]	7	2
119	2024-11-21 07:31:08.874623+00	61	media/IMG_5643.jpeg	1	[{"added": {}}]	7	2
120	2024-11-21 07:31:24.327933+00	62	media/IMG_5644.jpeg	1	[{"added": {}}]	7	2
121	2024-11-21 07:31:38.86786+00	63	media/IMG_5645.jpeg	1	[{"added": {}}]	7	2
122	2024-11-21 07:31:58.480539+00	64	media/IMG_5646.jpeg	1	[{"added": {}}]	7	2
123	2024-11-21 07:32:42.3964+00	65	media/IMG_5647.jpeg	1	[{"added": {}}]	7	2
124	2024-11-21 07:32:57.765771+00	66	media/IMG_5648.jpeg	1	[{"added": {}}]	7	2
125	2024-11-21 07:33:12.935061+00	67	media/IMG_5649.jpeg	1	[{"added": {}}]	7	2
126	2024-11-21 07:33:33.056341+00	68	media/IMG_5650.jpeg	1	[{"added": {}}]	7	2
127	2024-11-21 07:33:53.951003+00	69	media/IMG_5652.jpeg	1	[{"added": {}}]	7	2
128	2024-11-21 07:34:48.609557+00	70	media/IMG_5653.jpeg	1	[{"added": {}}]	7	2
129	2024-11-21 07:35:06.541366+00	71	media/IMG_5654.jpeg	1	[{"added": {}}]	7	2
130	2024-11-21 07:35:30.072044+00	72	media/IMG_5655.jpeg	1	[{"added": {}}]	7	2
131	2024-11-21 07:36:16.500218+00	73	media/IMG_5655_Pt6ktTm.jpeg	1	[{"added": {}}]	7	2
132	2024-11-21 07:36:58.973157+00	73	media/IMG_5655_Pt6ktTm.jpeg	3		7	2
133	2024-11-21 07:37:14.635953+00	74	media/IMG_5656.jpeg	1	[{"added": {}}]	7	2
134	2024-11-21 07:37:45.668937+00	75	media/IMG_5657.jpeg	1	[{"added": {}}]	7	2
135	2024-11-21 07:38:28.632884+00	76	media/IMG_5659.jpeg	1	[{"added": {}}]	7	2
136	2024-11-21 07:38:56.328631+00	77	media/IMG_5661.jpeg	1	[{"added": {}}]	7	2
137	2024-11-21 07:39:47.555799+00	78	media/IMG_5662.jpeg	1	[{"added": {}}]	7	2
138	2024-11-21 07:40:02.042556+00	79	media/IMG_5663.jpeg	1	[{"added": {}}]	7	2
139	2024-11-21 07:40:18.0951+00	80	media/IMG_5664.jpeg	1	[{"added": {}}]	7	2
140	2024-11-21 07:40:33.975437+00	81	media/IMG_5665.jpeg	1	[{"added": {}}]	7	2
141	2024-11-21 07:40:50.850996+00	82	media/IMG_5666.jpeg	1	[{"added": {}}]	7	2
142	2024-11-21 07:41:32.804478+00	83	media/IMG_5667.jpeg	1	[{"added": {}}]	7	2
143	2024-11-21 07:43:12.613253+00	84	media/IMG_5668.jpeg	1	[{"added": {}}]	7	2
144	2024-11-22 12:47:43.773245+00	85	media/IMG_5702.jpeg	1	[{"added": {}}]	7	2
145	2024-11-22 12:47:47.349739+00	86	media/IMG_5702_Ju2oAhY.jpeg	1	[{"added": {}}]	7	2
146	2024-11-22 12:49:06.781012+00	86	media/IMG_5702_Ju2oAhY.jpeg	3		7	2
\.


--
-- Data for Name: django_content_type; Type: TABLE DATA; Schema: public; Owner: postgres
--

COPY public.django_content_type (id, app_label, model) FROM stdin;
1	admin	logentry
2	auth	permission
3	auth	group
4	auth	user
5	contenttypes	contenttype
6	sessions	session
7	apps	product
\.


--
-- Data for Name: django_migrations; Type: TABLE DATA; Schema: public; Owner: postgres
--

COPY public.django_migrations (id, app, name, applied) FROM stdin;
1	contenttypes	0001_initial	2024-10-16 16:59:54.054567+00
2	auth	0001_initial	2024-10-16 16:59:54.238383+00
3	admin	0001_initial	2024-10-16 16:59:54.295557+00
4	admin	0002_logentry_remove_auto_add	2024-10-16 16:59:54.30967+00
5	admin	0003_logentry_add_action_flag_choices	2024-10-16 16:59:54.325323+00
6	apps	0001_initial	2024-10-16 16:59:54.338084+00
7	contenttypes	0002_remove_content_type_name	2024-10-16 16:59:54.371473+00
8	auth	0002_alter_permission_name_max_length	2024-10-16 16:59:54.394433+00
9	auth	0003_alter_user_email_max_length	2024-10-16 16:59:54.410481+00
10	auth	0004_alter_user_username_opts	2024-10-16 16:59:54.424346+00
11	auth	0005_alter_user_last_login_null	2024-10-16 16:59:54.441002+00
12	auth	0006_require_contenttypes_0002	2024-10-16 16:59:54.444198+00
13	auth	0007_alter_validators_add_error_messages	2024-10-16 16:59:54.462916+00
14	auth	0008_alter_user_username_max_length	2024-10-16 16:59:54.488541+00
15	auth	0009_alter_user_last_name_max_length	2024-10-16 16:59:54.507115+00
16	auth	0010_alter_group_name_max_length	2024-10-16 16:59:54.52744+00
17	auth	0011_update_proxy_permissions	2024-10-16 16:59:54.540488+00
18	auth	0012_alter_user_first_name_max_length	2024-10-16 16:59:54.555826+00
19	sessions	0001_initial	2024-10-16 16:59:54.578173+00
\.


--
-- Data for Name: django_session; Type: TABLE DATA; Schema: public; Owner: postgres
--

COPY public.django_session (session_key, session_data, expire_date) FROM stdin;
uovg047m5e8nxqluz9zfcfsshfvrq5yg	.eJxVjEEOwiAQRe_C2hDoQCku3fcMZBgGqRqalHZlvLtt0oVu33v_v0XAbS1ha7yEKYmr0OLyyyLSk-sh0gPrfZY013WZojwSedomxznx63a2fwcFW9nXPURHWRvrFKps0Q0dgKfBUu8ZsrY7YuoMsTY5xmQ9eUUGXHYGGZL4fAHZkDgL:1t17kA:dKWb_J-_ioTQzruWo5M761b3wrVzgVsbolDyigPS2f8	2024-10-30 17:23:30.620746+00
on4e0q3d9zvwfl78hhmjlpsnu40mwdn5	.eJxVjEEOwiAQRe_C2hDoQCku3fcMZBgGqRqalHZlvLtt0oVu33v_v0XAbS1ha7yEKYmr0OLyyyLSk-sh0gPrfZY013WZojwSedomxznx63a2fwcFW9nXPURHWRvrFKps0Q0dgKfBUu8ZsrY7YuoMsTY5xmQ9eUUGXHYGGZL4fAHZkDgL:1t17l8:iUoal_m2JDc6rXkRf55jgnHF7T8KUBMFxQDs-Am8osU	2024-10-30 17:24:30.810954+00
xvo35entv8rp7q468tvpcrzyncxegw97	.eJxVjEEOwiAQRe_C2hDoQCku3fcMZBgGqRqalHZlvLtt0oVu33v_v0XAbS1ha7yEKYmr0OLyyyLSk-sh0gPrfZY013WZojwSedomxznx63a2fwcFW9nXPURHWRvrFKps0Q0dgKfBUu8ZsrY7YuoMsTY5xmQ9eUUGXHYGGZL4fAHZkDgL:1t1KBQ:VevcXBZcH21IUmCSv8M_ajYt0Ende_ZSxla1eNTVTBQ	2024-10-31 06:40:28.080138+00
7n5jphk4tiqcvvvledw1drjieuq1ugwj	.eJxVjD0OwyAUg-_CXKEH4bdj95wBAQ9K2gqkkExV714iZWg325_tN3F-34rbe1rdguRKOLn8ZsHHZ6oHwIev90Zjq9u6BHpU6Ek7nRum1-3s_h0U38tYhyQVQxZyhMi1NGoIq7UFYMMKD4BoBVNcw8SkEBFUyhANqAmyN5Z8vsT9NqM:1tCbI2:r1cYuA7Lv8Z0pvjsZQ5dEiUPzZ22cNCUEmPIznulYCo	2024-12-01 09:09:54.345703+00
aaf0stw8aepli0itiqf4pj6gmw0te7so	.eJxVjD0OwyAUg-_CXKEH4bdj95wBAQ9K2gqkkExV714iZWg325_tN3F-34rbe1rdguRKOLn8ZsHHZ6oHwIev90Zjq9u6BHpU6Ek7nRum1-3s_h0U38tYhyQVQxZyhMi1NGoIq7UFYMMKD4BoBVNcw8SkEBFUyhANqAmyN5Z8vsT9NqM:1tDexw:Di5hwlC3aGllUdozFdUKrz6JPQlEEDuVhBYrb0ouSa0	2024-12-04 07:17:32.978823+00
\.


--
-- Name: apps_product_id_seq; Type: SEQUENCE SET; Schema: public; Owner: postgres
--

SELECT pg_catalog.setval('public.apps_product_id_seq', 86, true);


--
-- Name: auth_group_id_seq; Type: SEQUENCE SET; Schema: public; Owner: postgres
--

SELECT pg_catalog.setval('public.auth_group_id_seq', 1, false);


--
-- Name: auth_group_permissions_id_seq; Type: SEQUENCE SET; Schema: public; Owner: postgres
--

SELECT pg_catalog.setval('public.auth_group_permissions_id_seq', 1, false);


--
-- Name: auth_permission_id_seq; Type: SEQUENCE SET; Schema: public; Owner: postgres
--

SELECT pg_catalog.setval('public.auth_permission_id_seq', 28, true);


--
-- Name: auth_user_groups_id_seq; Type: SEQUENCE SET; Schema: public; Owner: postgres
--

SELECT pg_catalog.setval('public.auth_user_groups_id_seq', 1, false);


--
-- Name: auth_user_id_seq; Type: SEQUENCE SET; Schema: public; Owner: postgres
--

SELECT pg_catalog.setval('public.auth_user_id_seq', 2, true);


--
-- Name: auth_user_user_permissions_id_seq; Type: SEQUENCE SET; Schema: public; Owner: postgres
--

SELECT pg_catalog.setval('public.auth_user_user_permissions_id_seq', 1, false);


--
-- Name: django_admin_log_id_seq; Type: SEQUENCE SET; Schema: public; Owner: postgres
--

SELECT pg_catalog.setval('public.django_admin_log_id_seq', 146, true);


--
-- Name: django_content_type_id_seq; Type: SEQUENCE SET; Schema: public; Owner: postgres
--

SELECT pg_catalog.setval('public.django_content_type_id_seq', 7, true);


--
-- Name: django_migrations_id_seq; Type: SEQUENCE SET; Schema: public; Owner: postgres
--

SELECT pg_catalog.setval('public.django_migrations_id_seq', 19, true);


--
-- Name: apps_product apps_product_pkey; Type: CONSTRAINT; Schema: public; Owner: postgres
--

ALTER TABLE ONLY public.apps_product
    ADD CONSTRAINT apps_product_pkey PRIMARY KEY (id);


--
-- Name: auth_group auth_group_name_key; Type: CONSTRAINT; Schema: public; Owner: postgres
--

ALTER TABLE ONLY public.auth_group
    ADD CONSTRAINT auth_group_name_key UNIQUE (name);


--
-- Name: auth_group_permissions auth_group_permissions_group_id_permission_id_0cd325b0_uniq; Type: CONSTRAINT; Schema: public; Owner: postgres
--

ALTER TABLE ONLY public.auth_group_permissions
    ADD CONSTRAINT auth_group_permissions_group_id_permission_id_0cd325b0_uniq UNIQUE (group_id, permission_id);


--
-- Name: auth_group_permissions auth_group_permissions_pkey; Type: CONSTRAINT; Schema: public; Owner: postgres
--

ALTER TABLE ONLY public.auth_group_permissions
    ADD CONSTRAINT auth_group_permissions_pkey PRIMARY KEY (id);


--
-- Name: auth_group auth_group_pkey; Type: CONSTRAINT; Schema: public; Owner: postgres
--

ALTER TABLE ONLY public.auth_group
    ADD CONSTRAINT auth_group_pkey PRIMARY KEY (id);


--
-- Name: auth_permission auth_permission_content_type_id_codename_01ab375a_uniq; Type: CONSTRAINT; Schema: public; Owner: postgres
--

ALTER TABLE ONLY public.auth_permission
    ADD CONSTRAINT auth_permission_content_type_id_codename_01ab375a_uniq UNIQUE (content_type_id, codename);


--
-- Name: auth_permission auth_permission_pkey; Type: CONSTRAINT; Schema: public; Owner: postgres
--

ALTER TABLE ONLY public.auth_permission
    ADD CONSTRAINT auth_permission_pkey PRIMARY KEY (id);


--
-- Name: auth_user_groups auth_user_groups_pkey; Type: CONSTRAINT; Schema: public; Owner: postgres
--

ALTER TABLE ONLY public.auth_user_groups
    ADD CONSTRAINT auth_user_groups_pkey PRIMARY KEY (id);


--
-- Name: auth_user_groups auth_user_groups_user_id_group_id_94350c0c_uniq; Type: CONSTRAINT; Schema: public; Owner: postgres
--

ALTER TABLE ONLY public.auth_user_groups
    ADD CONSTRAINT auth_user_groups_user_id_group_id_94350c0c_uniq UNIQUE (user_id, group_id);


--
-- Name: auth_user auth_user_pkey; Type: CONSTRAINT; Schema: public; Owner: postgres
--

ALTER TABLE ONLY public.auth_user
    ADD CONSTRAINT auth_user_pkey PRIMARY KEY (id);


--
-- Name: auth_user_user_permissions auth_user_user_permissions_pkey; Type: CONSTRAINT; Schema: public; Owner: postgres
--

ALTER TABLE ONLY public.auth_user_user_permissions
    ADD CONSTRAINT auth_user_user_permissions_pkey PRIMARY KEY (id);


--
-- Name: auth_user_user_permissions auth_user_user_permissions_user_id_permission_id_14a6b632_uniq; Type: CONSTRAINT; Schema: public; Owner: postgres
--

ALTER TABLE ONLY public.auth_user_user_permissions
    ADD CONSTRAINT auth_user_user_permissions_user_id_permission_id_14a6b632_uniq UNIQUE (user_id, permission_id);


--
-- Name: auth_user auth_user_username_key; Type: CONSTRAINT; Schema: public; Owner: postgres
--

ALTER TABLE ONLY public.auth_user
    ADD CONSTRAINT auth_user_username_key UNIQUE (username);


--
-- Name: django_admin_log django_admin_log_pkey; Type: CONSTRAINT; Schema: public; Owner: postgres
--

ALTER TABLE ONLY public.django_admin_log
    ADD CONSTRAINT django_admin_log_pkey PRIMARY KEY (id);


--
-- Name: django_content_type django_content_type_app_label_model_76bd3d3b_uniq; Type: CONSTRAINT; Schema: public; Owner: postgres
--

ALTER TABLE ONLY public.django_content_type
    ADD CONSTRAINT django_content_type_app_label_model_76bd3d3b_uniq UNIQUE (app_label, model);


--
-- Name: django_content_type django_content_type_pkey; Type: CONSTRAINT; Schema: public; Owner: postgres
--

ALTER TABLE ONLY public.django_content_type
    ADD CONSTRAINT django_content_type_pkey PRIMARY KEY (id);


--
-- Name: django_migrations django_migrations_pkey; Type: CONSTRAINT; Schema: public; Owner: postgres
--

ALTER TABLE ONLY public.django_migrations
    ADD CONSTRAINT django_migrations_pkey PRIMARY KEY (id);


--
-- Name: django_session django_session_pkey; Type: CONSTRAINT; Schema: public; Owner: postgres
--

ALTER TABLE ONLY public.django_session
    ADD CONSTRAINT django_session_pkey PRIMARY KEY (session_key);


--
-- Name: auth_group_name_a6ea08ec_like; Type: INDEX; Schema: public; Owner: postgres
--

CREATE INDEX auth_group_name_a6ea08ec_like ON public.auth_group USING btree (name varchar_pattern_ops);


--
-- Name: auth_group_permissions_group_id_b120cbf9; Type: INDEX; Schema: public; Owner: postgres
--

CREATE INDEX auth_group_permissions_group_id_b120cbf9 ON public.auth_group_permissions USING btree (group_id);


--
-- Name: auth_group_permissions_permission_id_84c5c92e; Type: INDEX; Schema: public; Owner: postgres
--

CREATE INDEX auth_group_permissions_permission_id_84c5c92e ON public.auth_group_permissions USING btree (permission_id);


--
-- Name: auth_permission_content_type_id_2f476e4b; Type: INDEX; Schema: public; Owner: postgres
--

CREATE INDEX auth_permission_content_type_id_2f476e4b ON public.auth_permission USING btree (content_type_id);


--
-- Name: auth_user_groups_group_id_97559544; Type: INDEX; Schema: public; Owner: postgres
--

CREATE INDEX auth_user_groups_group_id_97559544 ON public.auth_user_groups USING btree (group_id);


--
-- Name: auth_user_groups_user_id_6a12ed8b; Type: INDEX; Schema: public; Owner: postgres
--

CREATE INDEX auth_user_groups_user_id_6a12ed8b ON public.auth_user_groups USING btree (user_id);


--
-- Name: auth_user_user_permissions_permission_id_1fbb5f2c; Type: INDEX; Schema: public; Owner: postgres
--

CREATE INDEX auth_user_user_permissions_permission_id_1fbb5f2c ON public.auth_user_user_permissions USING btree (permission_id);


--
-- Name: auth_user_user_permissions_user_id_a95ead1b; Type: INDEX; Schema: public; Owner: postgres
--

CREATE INDEX auth_user_user_permissions_user_id_a95ead1b ON public.auth_user_user_permissions USING btree (user_id);


--
-- Name: auth_user_username_6821ab7c_like; Type: INDEX; Schema: public; Owner: postgres
--

CREATE INDEX auth_user_username_6821ab7c_like ON public.auth_user USING btree (username varchar_pattern_ops);


--
-- Name: django_admin_log_content_type_id_c4bce8eb; Type: INDEX; Schema: public; Owner: postgres
--

CREATE INDEX django_admin_log_content_type_id_c4bce8eb ON public.django_admin_log USING btree (content_type_id);


--
-- Name: django_admin_log_user_id_c564eba6; Type: INDEX; Schema: public; Owner: postgres
--

CREATE INDEX django_admin_log_user_id_c564eba6 ON public.django_admin_log USING btree (user_id);


--
-- Name: django_session_expire_date_a5c62663; Type: INDEX; Schema: public; Owner: postgres
--

CREATE INDEX django_session_expire_date_a5c62663 ON public.django_session USING btree (expire_date);


--
-- Name: django_session_session_key_c0390e0f_like; Type: INDEX; Schema: public; Owner: postgres
--

CREATE INDEX django_session_session_key_c0390e0f_like ON public.django_session USING btree (session_key varchar_pattern_ops);


--
-- Name: auth_group_permissions auth_group_permissio_permission_id_84c5c92e_fk_auth_perm; Type: FK CONSTRAINT; Schema: public; Owner: postgres
--

ALTER TABLE ONLY public.auth_group_permissions
    ADD CONSTRAINT auth_group_permissio_permission_id_84c5c92e_fk_auth_perm FOREIGN KEY (permission_id) REFERENCES public.auth_permission(id) DEFERRABLE INITIALLY DEFERRED;


--
-- Name: auth_group_permissions auth_group_permissions_group_id_b120cbf9_fk_auth_group_id; Type: FK CONSTRAINT; Schema: public; Owner: postgres
--

ALTER TABLE ONLY public.auth_group_permissions
    ADD CONSTRAINT auth_group_permissions_group_id_b120cbf9_fk_auth_group_id FOREIGN KEY (group_id) REFERENCES public.auth_group(id) DEFERRABLE INITIALLY DEFERRED;


--
-- Name: auth_permission auth_permission_content_type_id_2f476e4b_fk_django_co; Type: FK CONSTRAINT; Schema: public; Owner: postgres
--

ALTER TABLE ONLY public.auth_permission
    ADD CONSTRAINT auth_permission_content_type_id_2f476e4b_fk_django_co FOREIGN KEY (content_type_id) REFERENCES public.django_content_type(id) DEFERRABLE INITIALLY DEFERRED;


--
-- Name: auth_user_groups auth_user_groups_group_id_97559544_fk_auth_group_id; Type: FK CONSTRAINT; Schema: public; Owner: postgres
--

ALTER TABLE ONLY public.auth_user_groups
    ADD CONSTRAINT auth_user_groups_group_id_97559544_fk_auth_group_id FOREIGN KEY (group_id) REFERENCES public.auth_group(id) DEFERRABLE INITIALLY DEFERRED;


--
-- Name: auth_user_groups auth_user_groups_user_id_6a12ed8b_fk_auth_user_id; Type: FK CONSTRAINT; Schema: public; Owner: postgres
--

ALTER TABLE ONLY public.auth_user_groups
    ADD CONSTRAINT auth_user_groups_user_id_6a12ed8b_fk_auth_user_id FOREIGN KEY (user_id) REFERENCES public.auth_user(id) DEFERRABLE INITIALLY DEFERRED;


--
-- Name: auth_user_user_permissions auth_user_user_permi_permission_id_1fbb5f2c_fk_auth_perm; Type: FK CONSTRAINT; Schema: public; Owner: postgres
--

ALTER TABLE ONLY public.auth_user_user_permissions
    ADD CONSTRAINT auth_user_user_permi_permission_id_1fbb5f2c_fk_auth_perm FOREIGN KEY (permission_id) REFERENCES public.auth_permission(id) DEFERRABLE INITIALLY DEFERRED;


--
-- Name: auth_user_user_permissions auth_user_user_permissions_user_id_a95ead1b_fk_auth_user_id; Type: FK CONSTRAINT; Schema: public; Owner: postgres
--

ALTER TABLE ONLY public.auth_user_user_permissions
    ADD CONSTRAINT auth_user_user_permissions_user_id_a95ead1b_fk_auth_user_id FOREIGN KEY (user_id) REFERENCES public.auth_user(id) DEFERRABLE INITIALLY DEFERRED;


--
-- Name: django_admin_log django_admin_log_content_type_id_c4bce8eb_fk_django_co; Type: FK CONSTRAINT; Schema: public; Owner: postgres
--

ALTER TABLE ONLY public.django_admin_log
    ADD CONSTRAINT django_admin_log_content_type_id_c4bce8eb_fk_django_co FOREIGN KEY (content_type_id) REFERENCES public.django_content_type(id) DEFERRABLE INITIALLY DEFERRED;


--
-- Name: django_admin_log django_admin_log_user_id_c564eba6_fk_auth_user_id; Type: FK CONSTRAINT; Schema: public; Owner: postgres
--

ALTER TABLE ONLY public.django_admin_log
    ADD CONSTRAINT django_admin_log_user_id_c564eba6_fk_auth_user_id FOREIGN KEY (user_id) REFERENCES public.auth_user(id) DEFERRABLE INITIALLY DEFERRED;


--
-- PostgreSQL database dump complete
--

